학교명,date_hi,date_lo,rep_hi,rep_lo,rep_gap,menu_diversity,nutrient_sim,swap_score,menus_hi,menus_lo
가경초등학교,20251202,20251218,6,2,4,0.293,0.7629,0.8497,"친환경 흑미밥, 조갯살시금치국, 비건만두, 토마토달걀볶음, 깍두기, 고칼슘우유, 청포도","친환경 차수수밥, 낙지연포탕, 취나물무침, 닭갈비, 깍두기, 일반우유"
가경초등학교,20251205,20251218,6,2,4,0.2552,0.7909,0.8418,"친환경 기장밥, 냉이된장국, 오향장육/무쌈, 마늘쫑건새우볶음, 깍두기, 발효유, 귤","친환경 차수수밥, 낙지연포탕, 취나물무침, 닭갈비, 깍두기, 일반우유"
가경초등학교,20251208,20251226,9,5,4,0.1901,0.7703,0.7728,"친환경 차조밥, 순두부계란국, 제육볶음, 배추김치, 쌈장, 일반우유, 우리밀 슈크림붕어빵, 스틱채소, 야채쌈","친환경 발아흑미밥, 닭곰탕, 두부쑥갓무침, 비엔나푸실리볶음, 배추김치, 발효유, 귤"
가경초등학교,20251224,20251218,6,2,4,0.3271,0.6174,0.76,"비벼먹는 치밥, 버섯두부된장국, 쫀득이복만두, 배추김치, 산타 초코마카롱, 저지방우유","친환경 차수수밥, 낙지연포탕, 취나물무침, 닭갈비, 깍두기, 일반우유"
가경초등학교,20251204,20251212,8,5,3,0.3138,0.7548,0.7407,"친환경 홍미밥, 순대만 국밥, 사과봄동겉절이, 부추전, 깍두기, 오렌지, 일반우유, 다진 양념","친환경 찹쌀밥, 시래기된장국, 묵은지순살닭찜, 느타리버섯볶음, 깍두기, 발효유, 황금향"
가곡초등학교,20251201,20251226,8,6,2,0.299,0.7737,0.5893,"차수수밥, 돈등뼈감자탕, 미역줄기크래미볶음, 오징어미나리김치전, 깍두기, 양념류, 골드파인애플, 강화우유","녹두들깨영양닭죽, 감자튀김*케찹, 깍두기, 심쿵햄버거, 한라봉주스, 강화우유"
가곡초등학교,20251208,20251212,8,6,2,0.3091,0.6415,0.5222,"차수수밥, 김치두부콩나물국, 훈제오리채소볶음, 궁채들깨볶음, 배추김치, 깻잎무쌈, 강화우유, 황금향","나시고랭볶음밥, 베트남쌀국수, 나쵸샐러드, 통새우짜조*칠리소스, 깍두기, 강화우유"
가곡초등학교,20251208,20251226,8,6,2,0.2978,0.5711,0.4773,"차수수밥, 김치두부콩나물국, 훈제오리채소볶음, 궁채들깨볶음, 배추김치, 깻잎무쌈, 강화우유, 황금향","녹두들깨영양닭죽, 감자튀김*케찹, 깍두기, 심쿵햄버거, 한라봉주스, 강화우유"
가곡초등학교,20251231,20251212,7,6,1,0.3494,0.934,0.4448,"친환경옥수수밥, 사골한우떡국, 봄동겉절이, 타워함박스테이크, 깍두기, 레몬에이드, 강화우유","나시고랭볶음밥, 베트남쌀국수, 나쵸샐러드, 통새우짜조*칠리소스, 깍두기, 강화우유"
가곡초등학교,20251230,20251226,7,6,1,0.3039,0.9709,0.4418,"나물비빔밥&약고추장, 유부팽이된장국, 배추김치, 회오리감자, 계란후라이, 강화우유, 딸기","녹두들깨영양닭죽, 감자튀김*케찹, 깍두기, 심쿵햄버거, 한라봉주스, 강화우유"
가곡초등학교대곡분교장,20251201,20251226,8,6,2,0.299,0.7737,0.5893,"차수수밥, 돈등뼈감자탕, 미역줄기크래미볶음, 오징어미나리김치전, 깍두기, 양념류, 골드파인애플, 강화우유","녹두들깨영양닭죽, 감자튀김*케찹, 깍두기, 심쿵햄버거, 한라봉주스, 강화우유"
가곡초등학교대곡분교장,20251208,20251212,8,6,2,0.3091,0.6415,0.5222,"차수수밥, 김치두부콩나물국, 훈제오리채소볶음, 궁채들깨볶음, 배추김치, 깻잎무쌈, 강화우유, 황금향","나시고랭볶음밥, 베트남쌀국수, 나쵸샐러드, 통새우짜조*칠리소스, 깍두기, 강화우유"
가곡초등학교대곡분교장,20251208,20251226,8,6,2,0.2978,0.5711,0.4773,"차수수밥, 김치두부콩나물국, 훈제오리채소볶음, 궁채들깨볶음, 배추김치, 깻잎무쌈, 강화우유, 황금향","녹두들깨영양닭죽, 감자튀김*케찹, 깍두기, 심쿵햄버거, 한라봉주스, 강화우유"
가곡초등학교대곡분교장,20251231,20251212,7,6,1,0.3494,0.934,0.4448,"친환경옥수수밥, 사골한우떡국, 봄동겉절이, 타워함박스테이크, 깍두기, 레몬에이드, 강화우유","나시고랭볶음밥, 베트남쌀국수, 나쵸샐러드, 통새우짜조*칠리소스, 깍두기, 강화우유"
가곡초등학교대곡분교장,20251230,20251226,7,6,1,0.3039,0.9709,0.4418,"나물비빔밥&약고추장, 유부팽이된장국, 배추김치, 회오리감자, 계란후라이, 강화우유, 딸기","녹두들깨영양닭죽, 감자튀김*케찹, 깍두기, 심쿵햄버거, 한라봉주스, 강화우유"
가곡초등학교보발분교장,20251201,20251226,8,6,2,0.299,0.7737,0.5893,"차수수밥, 돈등뼈감자탕, 미역줄기크래미볶음, 오징어미나리김치전, 깍두기, 양념류, 골드파인애플, 강화우유","녹두들깨영양닭죽, 감자튀김*케찹, 깍두기, 심쿵햄버거, 한라봉주스, 강화우유"
가곡초등학교보발분교장,20251208,20251212,8,6,2,0.3091,0.6415,0.5222,"차수수밥, 김치두부콩나물국, 훈제오리채소볶음, 궁채들깨볶음, 배추김치, 깻잎무쌈, 강화우유, 황금향","나시고랭볶음밥, 베트남쌀국수, 나쵸샐러드, 통새우짜조*칠리소스, 깍두기, 강화우유"
가곡초등학교보발분교장,20251208,20251226,8,6,2,0.2978,0.5711,0.4773,"차수수밥, 김치두부콩나물국, 훈제오리채소볶음, 궁채들깨볶음, 배추김치, 깻잎무쌈, 강화우유, 황금향","녹두들깨영양닭죽, 감자튀김*케찹, 깍두기, 심쿵햄버거, 한라봉주스, 강화우유"
가곡초등학교보발분교장,20251231,20251212,7,6,1,0.3494,0.934,0.4448,"친환경옥수수밥, 사골한우떡국, 봄동겉절이, 타워함박스테이크, 깍두기, 레몬에이드, 강화우유","나시고랭볶음밥, 베트남쌀국수, 나쵸샐러드, 통새우짜조*칠리소스, 깍두기, 강화우유"
가곡초등학교보발분교장,20251230,20251226,7,6,1,0.3039,0.9709,0.4418,"나물비빔밥&약고추장, 유부팽이된장국, 배추김치, 회오리감자, 계란후라이, 강화우유, 딸기","녹두들깨영양닭죽, 감자튀김*케찹, 깍두기, 심쿵햄버거, 한라봉주스, 강화우유"
가덕초등학교,20251217,20251205,8,5,3,0.2026,0.9393,0.7915,"친환경찹쌀밥, 짜장면, 맑은콩나물국, 흑임자탕수육, 배추김치, 레몬탕수육소스, 급식우유, 단무지, 스위플 주스","친환경현미밥, 한우갈비탕, 꽁치김치조림, 어린잎샐러드, 깍두기, 딸기, 호상요구르트"
가덕초등학교,20251217,20251203,8,5,3,0.1748,0.7431,0.6363,"친환경찹쌀밥, 짜장면, 맑은콩나물국, 흑임자탕수육, 배추김치, 레몬탕수육소스, 급식우유, 단무지, 스위플 주스","친환경찹쌀밥, 돈코츠라멘, 꼬들단무지무침, 새우만두, 배추김치, 엔요 요구르트, 급식우유"
가덕초등학교,20251222,20251203,7,5,2,0.1829,0.9639,0.6299,"친환경흑미밥, 유부장국, 국물떡볶이, 시카고치짜, 배추김치, 급식우유, 산타케익","친환경찹쌀밥, 돈코츠라멘, 꼬들단무지무침, 새우만두, 배추김치, 엔요 요구르트, 급식우유"
가덕초등학교,20251210,20251203,7,5,2,0.2613,0.857,0.6143,"비빔밥+약고추장, 들깨가루무채국, 크림소스함박, 배추김치, 급식우유, 김구이, 황금향","친환경찹쌀밥, 돈코츠라멘, 꼬들단무지무침, 새우만두, 배추김치, 엔요 요구르트, 급식우유"
가덕초등학교,20251208,20251201,7,5,2,0.1501,0.9637,0.6118,"친환경흑미밥, 근대된장국, 옥수수계란찜, 돈육오징어볶음, 배추김치, 급식우유, 블루베리요거트","친환경보리밥, 올갱이국, 치즈닭갈비, 맛살숙주무침, 배추김치, 급식우유, 황금향"
각리초등학교,20251210,20251215,7,4,3,0.2592,0.9319,0.8256,"훈제오리톳필라프, 유부장국, 칠리마요치즈새우, 배추김치, 아삭이고추/쌈장, 베리크림베이글, 귤","무농약찰보리밥, 맑은콩나물국, 돈육메추리알장조림, 버터플라이시카고치짜, 배추김치, 네잎클로버마카롱"
각리초등학교,20251212,20251215,7,4,3,0.2756,0.6992,0.6756,"강황쌀밥, 시금치된장국, 인도난&마크니커리, 탄두리바삭갈릭치킨, 배추김치, 요구르트, 파프리카/쌈장","무농약찰보리밥, 맑은콩나물국, 돈육메추리알장조림, 버터플라이시카고치짜, 배추김치, 네잎클로버마카롱"
각리초등학교,20251212,20251209,7,5,2,0.2826,0.9471,0.6755,"강황쌀밥, 시금치된장국, 인도난&마크니커리, 탄두리바삭갈릭치킨, 배추김치, 요구르트, 파프리카/쌈장","무농약햇귀리밥, 동태무국, 한돈폭립바베큐, 세발나물무침, 배추김치, 당근스틱/쌈장, 천혜향"
각리초등학교,20251212,20251217,7,5,2,0.2697,0.9509,0.6705,"강황쌀밥, 시금치된장국, 인도난&마크니커리, 탄두리바삭갈릭치킨, 배추김치, 요구르트, 파프리카/쌈장","무농약찹쌀밥, 핑크퐁어묵국, 과일샐러드*, 돈육폭찹조림, 배추김치, 스노우맨컵케이크"
각리초등학교,20251212,20251216,7,5,2,0.2468,0.9682,0.6674,"강황쌀밥, 시금치된장국, 인도난&마크니커리, 탄두리바삭갈릭치킨, 배추김치, 요구르트, 파프리카/쌈장","무농약혼합잡곡밥, 조랑떡국, 삼색나물, 떡볶이맛볼락구이, 총각김치, 딸기녹차크레이프케이크"
갈원초등학교,20251201,20251231,7,5,2,0.2918,0.9294,0.6709,"찹쌀밥, 쇠고기미역국2, 등갈비김치찜, 애호박구이무침, 총각김치, 우유, 단풍링도넛, 양념류구입","사골떡만두국, 봄동겉절이, 비피더스, 청파래집게다리맛튀김, 레드자몽주스"
갈원초등학교,20251202,20251205,7,5,2,0.2161,0.9272,0.6281,"귀리밥, 설렁탕, 삼치무조림, 새송이부추무침, 배추김치, 사과, 우유","흑미밥, 햄전골, 참나물고추장무침, 달콘달콘치킨, 총각김치, 우유, 파인애플바"
갈원초등학교,20251209,20251212,7,5,2,0.2729,0.8691,0.6273,"혼합쌀밥, 새우계란탕, 두부조림, 투움바함박스테이크, 배추김치, 배, 우유","차수수밥, 쇠고기팽이버섯국, 도토리묵야채무침, 크리스피돈육떡강정, 배추김치, 오렌지, 우유"
갈원초등학교,20251218,20251230,7,5,2,0.2104,0.9203,0.6211,"혼합쌀밥, 어묵김치국, 봄동나물, 오븐목살구이/소스, 총각김치, 우유, 딸기","오색현미밥, 오징어무국, 부추겉절이, 건파래볶음, 오리훈제와 무쌈, 사과, 우유"
갈원초등학교,20251217,20251230,7,5,2,0.2104,0.9154,0.6184,"혼합쌀밥, 어묵김치국, 봄동나물, 오븐목살구이/소스, 총각김치, 우유, 딸기","오색현미밥, 오징어무국, 부추겉절이, 건파래볶음, 오리훈제와 무쌈, 사과, 우유"
감곡초등학교,20251223,20251205,8,5,3,0.2302,0.901,0.7841,"15곡잡곡밥, 들기름간장막국수., 호박두부된장국, 편육.잣고추장, 배추김치, 우유급식, 토마토샐러드, 참다래","흰쌀밥, 영양닭죽, 떡갈비미니버거, 배추김치, 샤인머스켓쥬스, 우유급식"
감곡초등학교,20251222,20251205,8,5,3,0.188,0.9354,0.7787,"찹쌀밥, 참치김치찌개., 느타리버섯볶음, 미니돈가스/수제소스, 배추김치, 우유급식, 한라봉, 팥죽","흰쌀밥, 영양닭죽, 떡갈비미니버거, 배추김치, 샤인머스켓쥬스, 우유급식"
감곡초등학교,20251222,20251212,8,5,3,0.2102,0.9036,0.772,"찹쌀밥, 참치김치찌개., 느타리버섯볶음, 미니돈가스/수제소스, 배추김치, 우유급식, 한라봉, 팥죽","김밥볶음밥, 가쓰오국물., 로제분모자떡볶이., 배추김치, 귤, 우유급식"
감곡초등학교,20251231,20251203,8,5,3,0.2166,0.8635,0.7487,"찹쌀밥, 떡국, 남해초무침, 쫄면무침., 육전, 배추김치, 우유급식, 찹쌀한과","비빔밥/소고기고추장., 배추된장국, 뿌링소떡소떡, 나박물김치/배추김치, 사과, 우유급식"
감곡초등학교,20251223,20251212,8,5,3,0.1873,0.8739,0.7356,"15곡잡곡밥, 들기름간장막국수., 호박두부된장국, 편육.잣고추장, 배추김치, 우유급식, 토마토샐러드, 참다래","김밥볶음밥, 가쓰오국물., 로제분모자떡볶이., 배추김치, 귤, 우유급식"
감물초등학교,20251204,20251217,8,5,3,0.2297,0.7829,0.7019,"찰옥수수밥, 체리블라썸생일케이크, 쇠고기전복미역국, 진미채볶음, 우엉잡채, 깍두기, 총각김치담금, 우유, 청포도","오색사과면 잔치국수, 김치무침, 모짜렐라치즈감자고로케, 깍두기, 우유, 친환경 사과"
감물초등학교,20251202,20251208,8,5,3,0.2417,0.7032,0.6549,"무농약기장밤밥, 우리밀고구마붕어빵, 우렁달래된장국, 오이부추생채, 닭봉양념구이, 배추김치, 우유, 귤","친환경오색현미밥, 시래기돈육등뼈감자탕, 두부양념조림, 호두뱅어포엿장구이, 배추김치, 우유, 친환경 사과"
감물초등학교,20251202,20251210,8,6,2,0.2821,0.8858,0.6415,"무농약기장밤밥, 우리밀고구마붕어빵, 우렁달래된장국, 오이부추생채, 닭봉양념구이, 배추김치, 우유, 귤","돈육햄김치볶음밥, 부추어묵국, 한우수제치즈떡갈비, 총각김치, 우유, 베리베리쿠앤크"
감물초등학교,20251216,20251217,7,5,2,0.2539,0.8928,0.6299,"보리흑미밥, 쇠고기들깨배추된장국, 시금치두부무침, 수제누룽지오리탕수육, 총각김치, 우유, 귤","오색사과면 잔치국수, 김치무침, 모짜렐라치즈감자고로케, 깍두기, 우유, 친환경 사과"
감물초등학교,20251226,20251217,7,5,2,0.3131,0.8118,0.6179,"해물빠에야, 감바스알아히요, 깍두기, 미니츄러스, 쁘띠클자두음료, 우유, 삼색채소피클","오색사과면 잔치국수, 김치무침, 모짜렐라치즈감자고로케, 깍두기, 우유, 친환경 사과"
강내초등학교,20251201,20251205,8,5,3,0.1805,0.8995,0.7486,"친환경기장밥, 소고기미역국, 새송이부추무침, 달콘달콘치킨, 배추김치, 우유, 딸기, 양념류","친환경혼합쌀밥, 청국장찌개, 동인동찜갈비, 감자구이, 배추김치, 우유, 꿀토마토"
강내초등학교,20251201,20251203,8,4,4,0.226,0.629,0.6881,"친환경기장밥, 소고기미역국, 새송이부추무침, 달콘달콘치킨, 배추김치, 우유, 딸기, 양념류","소보로비빔밥, 콩가루배추국, 깍두기, 우유, 블랙타이거치즈새우, 감귤쥬스"
강내초등학교,20251201,20251216,8,5,3,0.1431,0.8276,0.6729,"친환경기장밥, 소고기미역국, 새송이부추무침, 달콘달콘치킨, 배추김치, 우유, 딸기, 양념류","친환경현미밥, 낙지수제비, 소고기달걀장조림, 유채나물무침, 배추김치, 우유, 단감"
강내초등학교,20251204,20251205,7,5,2,0.2543,0.9365,0.6541,"친환경보리밥, 고추어묵국, 돈육고추장볶음, 매실된장고등어구이, 배추김치, 비피더스, 오렌지","친환경혼합쌀밥, 청국장찌개, 동인동찜갈비, 감자구이, 배추김치, 우유, 꿀토마토"
강내초등학교,20251201,20251208,8,6,2,0.1735,0.9123,0.5965,"친환경기장밥, 소고기미역국, 새송이부추무침, 달콘달콘치킨, 배추김치, 우유, 딸기, 양념류","친환경녹미밥, 전주식콩나물국, 파프리카잡채, 바베큐폭찹, 배추김치, 우유, 귤"
강서초등학교,20251212,20251215,7,4,3,0.2888,0.9287,0.8439,"율무밥, 저염비엔나볶음, 죽순느타리들깨볶음, 배추김치, 바나나, 우유, 가시없는동태탕","10곡잡곡밥, 표고옹심이국, 숯불오리불고기, 미역줄기볶음, 배추김치, 스테비아방울토마토, 우유"
강서초등학교,20251222,20251215,7,4,3,0.265,0.9347,0.8316,"검정콩밥, 냉이콩나물된장국, 돈육고추장불고기, 배추김치, 샤인머스켓, 카레김자반, 우유","10곡잡곡밥, 표고옹심이국, 숯불오리불고기, 미역줄기볶음, 배추김치, 스테비아방울토마토, 우유"
강서초등학교,20251226,20251215,7,4,3,0.2266,0.9472,0.8136,"현미밥, 한우버섯들깨수제비, 하얀오이무침, 데리연어스테이크, 배추김치, 골드키위, 우유","10곡잡곡밥, 표고옹심이국, 숯불오리불고기, 미역줄기볶음, 배추김치, 스테비아방울토마토, 우유"
강서초등학교,20251223,20251215,7,4,3,0.2722,0.8821,0.8001,"기장밥, 한우샤브샤브국, 고등어김치조림, 시금치무침, 깍두기, 우유, 바나나","10곡잡곡밥, 표고옹심이국, 숯불오리불고기, 미역줄기볶음, 배추김치, 스테비아방울토마토, 우유"
강서초등학교,20251208,20251215,7,4,3,0.2574,0.8885,0.7943,"홍국쌀밥, 맑은감자국, 순살사태족발, 비빔톳가락국수, 보쌈김치, 우유, 사과","10곡잡곡밥, 표고옹심이국, 숯불오리불고기, 미역줄기볶음, 배추김치, 스테비아방울토마토, 우유"
개신초등학교,20251205,20251201,8,6,2,0.2121,0.9804,0.655,"찹쌀현미밥, 흰쌀죽, 두부된장국, 물파래무침, 훈제오리버섯볶음, 배추김치, 배주스, 양념","숯불향간장불고기, 칼슘찹쌀밥, 흰쌀죽, 다진쇠고기미역국, 삼색나물무침, 배추김치, 찹쌀꽈배기"
개신초등학교,20251205,20251203,8,6,2,0.1934,0.9707,0.6394,"찹쌀현미밥, 흰쌀죽, 두부된장국, 물파래무침, 훈제오리버섯볶음, 배추김치, 배주스, 양념","망개떡, 쌀밥, 흰쌀죽, 고기국수, 배추김치, 조각파인애플"
개신초등학교,20251205,20251204,8,6,2,0.1666,0.995,0.6381,"찹쌀현미밥, 흰쌀죽, 두부된장국, 물파래무침, 훈제오리버섯볶음, 배추김치, 배주스, 양념","차수수밥, 흰쌀죽, 돈육감자고추장찌개, 숙주나물무침, 치킨가라아게&밀떡, 배추김치, 사과"
개신초등학교,20251205,20251210,8,5,3,0.2605,0.6378,0.6227,"찹쌀현미밥, 흰쌀죽, 두부된장국, 물파래무침, 훈제오리버섯볶음, 배추김치, 배주스, 양념","흰쌀죽, 짜장면, 무농약단무지, 영양해물누룽지탕수육, 배추김치, 붕어빵"
개신초등학교,20251205,20251217,8,6,2,0.1629,0.9526,0.6127,"찹쌀현미밥, 흰쌀죽, 두부된장국, 물파래무침, 훈제오리버섯볶음, 배추김치, 배주스, 양념","유기농쌀밥, 흰쌀죽, 한우소머리국밥, 마늘종무침, 애호박양념무침, 깍두기, 고구마치즈고로케"
경덕초등학교,20251203,20251205,8,6,2,0.2566,0.8796,0.6241,"친환경흑미밥, 근대된장국, 시금치나물, 치즈돈육커틀렛/브라운소스, 배추김치, 방울토마토, 발효유, 양배추샐러드/땅콩소스","인델리카레라이스, 유부된장국, 블랙타이거새우치즈구이와 감자튀김, 배추김치, 우유, 한라봉감귤쥬스"
경덕초등학교,20251202,20251205,8,6,2,0.2983,0.8144,0.6112,"친환경보리밥, 어묵무국, 떡갈비, 숙주미나리무침, 떡갈비오븐구이/소스, 배추김치, 사과/GAP, 강화우유","인델리카레라이스, 유부된장국, 블랙타이거새우치즈구이와 감자튀김, 배추김치, 우유, 한라봉감귤쥬스"
경덕초등학교,20251218,20251205,8,6,2,0.3172,0.708,0.5632,"친환경흑미밥, 한우갈비탕, 어묵엿장조림, 깍두기, 통새우만두구이, 귤, 야채스틱/쌈장, 강화우유","인델리카레라이스, 유부된장국, 블랙타이거새우치즈구이와 감자튀김, 배추김치, 우유, 한라봉감귤쥬스"
경덕초등학교,20251215,20251209,8,6,2,0.0843,0.9408,0.5631,"친환경귀리밥, 열무콩나물된장국, 건파래볶음, 콘치즈구이, 배추김치, 생선커틀렛/사과콘소스, 귤, 우유","친환경현미기장밥, 곤드레육개장, 오이부추무침, 퐁듀함박스테이크와 야채구이, 배추김치, 귤, 강화우유"
경덕초등학교,20251215,20251216,8,6,2,0.1729,0.8236,0.5474,"친환경귀리밥, 열무콩나물된장국, 건파래볶음, 콘치즈구이, 배추김치, 생선커틀렛/사과콘소스, 귤, 우유","친환경검정보리쌀밥, 대구찌개, 닭봉바베큐소스조림, 깻잎찜, 구운김, 배추김치, 사과/GAP, 강화우유"
경산초등학교,20251229,20251231,6,3,3,0.3509,0.923,0.883,"라이코펜쌀밥, 아욱된장국, 명엽채볶음, 더덕제육구이, 배추김치, 친환경딸기","칼슘귀리밥, 우거지갈비탕, 알감자조림, 채소계란말이, 깍두기, 배*"
경산초등학교,20251222,20251231,6,3,3,0.2805,0.9636,0.8623,"혼합잡곡밥*, 꽃떡사골떡국, 두부구이/양념*, 바질광어까스, 총각김치*, 바나나*","칼슘귀리밥, 우거지갈비탕, 알감자조림, 채소계란말이, 깍두기, 배*"
경산초등학교,20251210,20251231,6,3,3,0.2416,0.982,0.8481,"곤드레취나물밥/양념장*, 바지락순두부국, 오리훈제야채볶음*, 유기농김구이*, 배추김치*, 바나나*","칼슘귀리밥, 우거지갈비탕, 알감자조림, 채소계란말이, 깍두기, 배*"
경산초등학교,20251205,20251231,6,3,3,0.2826,0.9331,0.8427,"기장밥*, 청국장*, 계란마늘종장조림*, 투움바주꾸미, 총각김치*, 유기농그릭요거트*","칼슘귀리밥, 우거지갈비탕, 알감자조림, 채소계란말이, 깍두기, 배*"
경산초등학교,20251209,20251231,6,3,3,0.2706,0.9057,0.8154,"현미찰밥, 한우육개장*, 돈육김치볶음*, 가지튀김/칠리소스, 총각김치*, 샤인머스캣","칼슘귀리밥, 우거지갈비탕, 알감자조림, 채소계란말이, 깍두기, 배*"
관기초등학교,20251223,20251212,8,4,4,0.3195,0.8987,0.9803,"홍국쌀밥, 모듬햄김치찌개, 멸치아몬드볶음, 미역줄기볶음, 김구이, 알타리김치, 단감, 우유","쌀국수/밥, 배추김치, 수제모닝빵에그샌드위치, 하트단무지, 이오요구르트, 우유"
관기초등학교,20251204,20251212,8,4,4,0.346,0.7429,0.8763,"강황쌀밥, 꽃게탕, 고등어무조림, 건파래청각볶음, 멸치꽈리고추볶음, 배추김치, 우유, 꿀떡","쌀국수/밥, 배추김치, 수제모닝빵에그샌드위치, 하트단무지, 이오요구르트, 우유"
관기초등학교,20251215,20251212,8,4,4,0.2907,0.7237,0.8163,"강황쌀밥, 황태채계란국, 김치등갈비조림, 세발나물오이무침, 김가루부추무침, 알타리김치, 골드파인애플, 우유","쌀국수/밥, 배추김치, 수제모닝빵에그샌드위치, 하트단무지, 이오요구르트, 우유"
관기초등학교,20251211,20251212,7,4,3,0.2553,0.9127,0.8096,"혼합잡곡밥, 김치어묵국, 애호박느타리건새우볶음, 고구마치즈돈까스, 알타리김치, 양상추샐러드, 우유","쌀국수/밥, 배추김치, 수제모닝빵에그샌드위치, 하트단무지, 이오요구르트, 우유"
관기초등학교,20251203,20251212,8,4,4,0.2811,0.7226,0.8077,"곤드레쇠고기나물밥, 근대된장국, 오이참나물무침, 허니버터맛순살뿌링클치킨, 배추김치, 방울토마토, 달래양념간장, 우유","쌀국수/밥, 배추김치, 수제모닝빵에그샌드위치, 하트단무지, 이오요구르트, 우유"
괴산명덕초등학교,20251215,20251226,8,5,3,0.3225,0.7329,0.7315,"친환경쌀보리밥, 짬뽕순두부찌개, 오징어떡볶음, 생선커틀렛, 깍두기, 양배추김치재료, 딸기, 우유","흰밥, 자장면, 크림새우, 배추김치, 뽀로로요구르트, 우유"
괴산명덕초등학교,20251217,20251204,7,5,2,0.1907,0.9944,0.651,"친환경콩나물비빔밥, 한돈김치찌개, 부추양념장, 한입쌀찐빵, 요구르트, 우유, 깍뚝채소샐러드+그릭요거트","친환경통밀쌀밥, 어묵다시마국, 양배추오이생채, 치즈돈까스, 배추김치, 귤, 우유"
괴산명덕초등학교,20251208,20251204,7,5,2,0.2256,0.9317,0.6358,"찰옥수수밥, 쇠고기육개장, 배추된장볶음, 치킨스테이크, 배추김치, 골드키위, 우유","친환경통밀쌀밥, 어묵다시마국, 양배추오이생채, 치즈돈까스, 배추김치, 귤, 우유"
괴산명덕초등학교,20251217,20251226,7,5,2,0.3335,0.8008,0.6231,"친환경콩나물비빔밥, 한돈김치찌개, 부추양념장, 한입쌀찐빵, 요구르트, 우유, 깍뚝채소샐러드+그릭요거트","흰밥, 자장면, 크림새우, 배추김치, 뽀로로요구르트, 우유"
괴산명덕초등학교,20251201,20251204,7,5,2,0.1953,0.92,0.6126,"렌틸콩밥, 꽃게매운탕, 어묵잡채, 연어스테이크, 배추김치, 포도푸딩, 우유","친환경통밀쌀밥, 어묵다시마국, 양배추오이생채, 치즈돈까스, 배추김치, 귤, 우유"
교동초등학교,20251201,20251211,8,5,3,0.2613,0.7298,0.687,"클로렐라쌀밥, 육개장, 혜화동 치즈돈가스, 앙쿠르트스프, 배추김치, 부식 양념, 양상추샐러드, 우유","기장밥, 불고기주꾸미전골, 참나물느타리무침, 유린기, 총각김치, 우유, 샤인머스켓"
교동초등학교,20251201,20251219,8,5,3,0.2258,0.7614,0.6842,"클로렐라쌀밥, 육개장, 혜화동 치즈돈가스, 앙쿠르트스프, 배추김치, 부식 양념, 양상추샐러드, 우유","산채비빔밥, 유부된장국, 양념고추장, 고르곤졸라피자, 배추김치, 양념간장, 우유, 플럼주스"
교동초등학교,20251204,20251211,7,5,2,0.2638,0.9184,0.6494,"혼합잡곡밥, 전복미역국, 소갈비찜, 잡채, 배추김치, 슈팅스타 케이크, 우유, 귤","기장밥, 불고기주꾸미전골, 참나물느타리무침, 유린기, 총각김치, 우유, 샤인머스켓"
교동초등학교,20251201,20251216,8,6,2,0.2567,0.8778,0.6231,"클로렐라쌀밥, 육개장, 혜화동 치즈돈가스, 앙쿠르트스프, 배추김치, 부식 양념, 양상추샐러드, 우유","유기농혼합잡곡밥, 브로콜리콘크림스프, 어린잎사과샐러드, 고구마치즈롤가스/소스, 깍두기, 딸기, 우유"
교동초등학교,20251204,20251219,7,5,2,0.2165,0.8605,0.5916,"혼합잡곡밥, 전복미역국, 소갈비찜, 잡채, 배추김치, 슈팅스타 케이크, 우유, 귤","산채비빔밥, 유부된장국, 양념고추장, 고르곤졸라피자, 배추김치, 양념간장, 우유, 플럼주스"
구룡초등학교,20251202,20251210,8,4,4,0.2283,0.8992,0.9074,"귀리밥, 감자아욱국, 치즈함박스테이크, 그린샐러드&참깨드레싱, 배추김치, 무말랭이김치, 우유, 귤","짜장밥, 게살달걀국, 치킨샐러드, 배추김치, 우유, 야쿠르트"
구룡초등학교,20251223,20251224,8,4,4,0.2678,0.8592,0.9069,"귀리밥, 꽃게된장국, 매운 밀떡볶이, 시금치무침, 두부구이&양념장, 배추김치, 우유, 영동사과즙","훈제오리볶음밥, 김치콩나물국, 무장아찌무침, 새우튀김, 깍두기, 우유, 크리스마스케이크"
구룡초등학교,20251223,20251210,8,4,4,0.1943,0.9198,0.8966,"귀리밥, 꽃게된장국, 매운 밀떡볶이, 시금치무침, 두부구이&양념장, 배추김치, 우유, 영동사과즙","짜장밥, 게살달걀국, 치킨샐러드, 배추김치, 우유, 야쿠르트"
구룡초등학교,20251202,20251224,8,4,4,0.2091,0.8993,0.892,"귀리밥, 감자아욱국, 치즈함박스테이크, 그린샐러드&참깨드레싱, 배추김치, 무말랭이김치, 우유, 귤","훈제오리볶음밥, 김치콩나물국, 무장아찌무침, 새우튀김, 깍두기, 우유, 크리스마스케이크"
구룡초등학교,20251222,20251210,7,4,3,0.3239,0.9286,0.8682,"찰보리밥, 동지팥죽, 쇠고기얼갈이국, 찹쌀콩멸치조림, 오징어미나리초무침, 백김치, 우유","짜장밥, 게살달걀국, 치킨샐러드, 배추김치, 우유, 야쿠르트"
구정초등학교,20251226,20251217,7,4,3,0.2683,0.8889,0.8021,"홍미밥, 황태무국, 깐쇼새우, 배추김치, 오렌지, 우유, 브로컬리/초고추장","쌀밥, 잔치국수, 무말랭이무침, 김치무침, 포도푸딩, 귤, 에그타르트"
구정초등학교,20251229,20251223,7,4,3,0.1818,0.96,0.7914,"찰흑미밥, 동태찌개, 오이배무침, 한우불고기, 배추김치, 우유, 파인애플","귀리밥, 쇠고기배추국, 닭갈비, 김자반, 깍두기, 딸기, 우유"
구정초등학교,20251202,20251223,7,4,3,0.113,0.9416,0.731,"귀리밥, 햄채소찌개, 숙주맛살무침, 낙지볶음, 깍두기, 딸기, 우유","귀리밥, 쇠고기배추국, 닭갈비, 김자반, 깍두기, 딸기, 우유"
구정초등학교,20251216,20251223,7,4,3,0.2109,0.8265,0.7191,"차수수밥, 사골황태국, 호박양념장무침, 닭봉구이, 배추김치, 우유, 레드향","귀리밥, 쇠고기배추국, 닭갈비, 김자반, 깍두기, 딸기, 우유"
구정초등학교,20251231,20251223,7,4,3,0.1702,0.8544,0.7102,"차수수밥, 한우사골국, 애호박느타리볶음, 삼치구이양념, 배추김치, 딸기, 우유","귀리밥, 쇠고기배추국, 닭갈비, 김자반, 깍두기, 딸기, 우유"
국원초등학교,20251218,20251216,6,3,3,0.365,0.8986,0.8758,"친환경차조밥*, 두부된장국, 양배추쌈/쌈장, 진미채고추장볶음, 삼겹살새송이구이, 배추김치., 사과*","친환경흑미밥*, 닭다리삼계탕, 열정떡갈비, 해물파전, 석박지, 샤인머스캣"
국원초등학교,20251230,20251216,6,3,3,0.2964,0.9275,0.8483,"친환경혼합잡곡밥*, 참치김치찌개*, 청경채무침1, 닭다리오븐구이, 깍두기., 사과*, 우유","친환경흑미밥*, 닭다리삼계탕, 열정떡갈비, 해물파전, 석박지, 샤인머스캣"
국원초등학교,20251229,20251205,7,4,3,0.311,0.909,0.8456,"새우튀김덮밥, 유부된장국, 마늘쫑고추장무침, 고구마맛탕, 배추김치., 방울토마토, 우유","친환경기장밥*, 한우갈비탕, 깻잎찜무침, 오리훈제/무쌈, 배추김치., 도시락김"
국원초등학교,20251231,20251216,6,3,3,0.272,0.9469,0.8449,"친환경쌀밥, 제주고기국수*, 부추양파겉절이, 밥도둑떡갈비, 배추김치., 아이스홍시, 우유","친환경흑미밥*, 닭다리삼계탕, 열정떡갈비, 해물파전, 석박지, 샤인머스캣"
국원초등학교,20251229,20251202,7,4,3,0.3854,0.8225,0.8372,"새우튀김덮밥, 유부된장국, 마늘쫑고추장무침, 고구마맛탕, 배추김치., 방울토마토, 우유","친환경차수수밥*, 순두부찌개*, 로제찜닭, 더덕배무침, 깍두기., 한라봉"
군남초등학교,20251222,20251212,8,5,3,0.3008,0.953,0.869,"보리밥, 쇠고기미역국, 골뱅이채소무침, 달걀채소말이, 배추김치, 배, 우유, 국화빵","쌀밥, 자장면, 배추김치, 우유, 스위트 캐플, 하트단무지, 멘보샤"
군남초등학교,20251211,20251212,8,5,3,0.2961,0.9121,0.8375,"옥수수밥, 어묵무국, 달걀찜, 진미채무침, 감자베이컨볶음, 배추김치, 우유, 바나나","쌀밥, 자장면, 배추김치, 우유, 스위트 캐플, 하트단무지, 멘보샤"
군남초등학교,20251222,20251223,8,5,3,0.2895,0.8847,0.8139,"보리밥, 쇠고기미역국, 골뱅이채소무침, 달걀채소말이, 배추김치, 배, 우유, 국화빵","옥수수밥, 된장찌개, 궁중떡볶이, 치커리사과무침, 어묵양파볶음, 깍두기, 우유"
군남초등학교,20251203,20251212,7,5,2,0.3293,0.9468,0.701,"하이라이스, 맑은 도토리묵국, 도라지무침, 배추김치, 우유, 호떡, 레몬에이드","쌀밥, 자장면, 배추김치, 우유, 스위트 캐플, 하트단무지, 멘보샤"
군남초등학교,20251203,20251223,7,5,2,0.2701,0.9744,0.6836,"하이라이스, 맑은 도토리묵국, 도라지무침, 배추김치, 우유, 호떡, 레몬에이드","옥수수밥, 된장찌개, 궁중떡볶이, 치커리사과무침, 어묵양파볶음, 깍두기, 우유"
군서초등학교,20251210,20251218,9,5,4,0.1958,0.9014,0.883,"찹쌀밥, 문어낙지빠에야, 스프랑 식빵구이, 김가루버섯무침, 망고유자샐러드, 떡갈비조림, 배추김치, 귤, 우유","강낭콩밥, 동태두부국, 라구소스스파게티, 어묵볶음, 버섯탕수육, 알타리김치, 사과주스, 우유"
군서초등학교,20251210,20251219,9,4,5,0.2145,0.716,0.8336,"찹쌀밥, 문어낙지빠에야, 스프랑 식빵구이, 김가루버섯무침, 망고유자샐러드, 떡갈비조림, 배추김치, 귤, 우유","부추무침, 배추김치, 유부초밥, 미니팝콘, 우유, 떡만두국"
군서초등학교,20251212,20251219,7,4,3,0.236,0.9529,0.8241,"소고기야채죽, 잔치국수, 세발나물오이무침, 당면튀김만두, 배추김치, 바나나라떼, 우유","부추무침, 배추김치, 유부초밥, 미니팝콘, 우유, 떡만두국"
군서초등학교,20251211,20251219,7,4,3,0.1847,0.9927,0.8162,"고구마밥, 배추들깨된장국, 시금치무침, 파래김자반, 함박스테이크, 배추김치, 바나나, 우유","부추무침, 배추김치, 유부초밥, 미니팝콘, 우유, 떡만두국"
군서초등학교,20251222,20251202,8,5,3,0.1289,0.9623,0.7564,"쌀보리밥, 단호박팥죽, 열무된장국, 수육, 양배추찜&씸징, 감자야채볶음, 배추김치, 요구얌, 우유","쌀보리밥, 청국장, 상치무침, 감자조림, 가자미칠리소스구이, 배추김치, 호상요구르트, 우유"
금가초등학교,20251201,20251206,9,0,9,0.5607,0.6983,1.4495,"찹쌀밥, 누룽지죽, 들깨새알심미역국, 돼지등갈비조림, 숙주나물, 김치, 과채주스, 강화우유, 귀염뽀짝 롤케익",양념1
금가초등학교,20251231,20251206,6,0,6,0.5677,0.8376,1.3673,"굴소스볶음밥, 누룽지죽, 마라탕, 오곡찹쌀꿔바로우, 김치, 강화우유, 유기농요구르트",양념1
금가초등학교,20251224,20251206,9,0,9,0.6164,0.5487,1.3414,"쌀밥, 누룽지죽, 우동, 김치, 치즈케익, 불고기모닝샌드위치, 강화우유, 레몬에이드, 단무지",양념1
금가초등학교,20251226,20251206,8,0,8,0.6231,0.5768,1.3182,"녹차밥, 누룽지죽, 눈꽃치즈돈파게티, 크림스프, 어린잎샐러드, 김치, 바나나우유, 방울토마토",양념1
금가초등학교,20251219,20251206,9,0,9,0.6204,0.4836,1.271,"홍녹용쌀밥, 누룽지죽, 추어탕, 메추리알조림, 도라지생채, 느타리버섯전, 김치, 바나나우유, 탄금향",양념1
금구초등학교,20251222,20251209,7,4,3,0.2457,0.8706,0.7737,"율무밥, 치커리사과무침, 가자미빵가루구이, 배추김치, 스위트칠리소스, 유기농짜먹는요거트, 달래된장찌개","적미밥, 삼색수제비국, 멸치찹쌀콩볶음, 돈육고추장불고기, 배추김치, 황금향"
금구초등학교,20251222,20251218,7,4,3,0.258,0.8185,0.7462,"율무밥, 치커리사과무침, 가자미빵가루구이, 배추김치, 스위트칠리소스, 유기농짜먹는요거트, 달래된장찌개","찰현미밥, 쇠고기뭇국, 생깻잎양념찜, 닭볶음탕, 배추김치, 토마토+블루베리쨈"
금구초등학교,20251208,20251209,6,4,2,0.1958,0.9989,0.6563,"흑미밥, 돈육우거지갈비탕, 콩나물무침, 양반후반순살치킨, 배추김치, 조각파인애플","적미밥, 삼색수제비국, 멸치찹쌀콩볶음, 돈육고추장불고기, 배추김치, 황금향"
금구초등학교,20251215,20251204,6,4,2,0.2879,0.8966,0.6507,"기장밥, 매운종합어묵국, 바베큐폭립, 섬초무침, 총각김치, 적포도","보리밥, 종합어묵국, 도토리묵채소무침, 오리불고기, 배추김치, 멜론"
금구초등학교,20251224,20251218,6,4,2,0.2564,0.9018,0.6362,"채소볶음밥, 베리케이크, 얼큰콩나물국, 오미자채소피클, 블랙타이거새우구이, 배추김치","찰현미밥, 쇠고기뭇국, 생깻잎양념찜, 닭볶음탕, 배추김치, 토마토+블루베리쨈"
금성초등학교,20251211,20251202,6,4,2,0.1803,0.9023,0.5947,"친환경찰흑미밥', 맑은콩나물국', 감자채피망볶음*, 돈육낙지볶음, 배추김치, 초코츄러스'","친환경차조밥*, 한방닭곰탕, 동그랑땡전&케첩*, 도라지오이무침', 배추김치, 배'"
금성초등학교,20251209,20251202,6,4,2,0.2475,0.8215,0.5872,"친환경찰흑미밥', 애호박고추장찌개, 유채나물무침, 닭다리살오븐구이, 배추김치, 오렌지","친환경차조밥*, 한방닭곰탕, 동그랑땡전&케첩*, 도라지오이무침', 배추김치, 배'"
금성초등학교,20251226,20251202,6,4,2,0.1875,0.8693,0.5805,"친환경수수밥*, 냉이된장국', 계란찜', 주꾸미떡볶음, 볶은김치', 귤'","친환경차조밥*, 한방닭곰탕, 동그랑땡전&케첩*, 도라지오이무침', 배추김치, 배'"
금성초등학교,20251231,20251202,6,4,2,0.2618,0.795,0.5805,"자장면', 실파계란국', 꼬들단무지무침*, 후르츠탕수육, 배추김치, 식물성요구르트'","친환경차조밥*, 한방닭곰탕, 동그랑땡전&케첩*, 도라지오이무침', 배추김치, 배'"
금성초등학교,20251215,20251202,6,4,2,0.2333,0.8188,0.5779,"친환경찰흑미밥', 돈육김치찌개', 닭간장조림', 고사리무나물', 깍두기, 귤'","친환경차조밥*, 한방닭곰탕, 동그랑땡전&케첩*, 도라지오이무침', 배추김치, 배'"
금천초등학교,20251226,20251211,7,4,3,0.2754,0.9585,0.8553,"친환경 녹미찹쌀밥, 매생이떡국, 무나물, 제육볶음, 배추김치, 사과, 우유급식","밤밥, 도토리묵국, 목살갈비, 얼갈이된장무침, 김치무침, 귤, 우유급식"
금천초등학교,20251230,20251211,7,4,3,0.2443,0.9533,0.8301,"클로렐라밥, 참치김치찌개, 시리얼멸치볶음, 시래기찜닭, 갓김치, 골드키위, 우유급식","밤밥, 도토리묵국, 목살갈비, 얼갈이된장무침, 김치무침, 귤, 우유급식"
금천초등학교,20251212,20251211,7,4,3,0.2281,0.9016,0.783,"옥수수밥, 사골우거지된장국, 올방개묵김무침, 오징어떡볶음, 배추김치, 바나나, 우유급식","밤밥, 도토리묵국, 목살갈비, 얼갈이된장무침, 김치무침, 귤, 우유급식"
금천초등학교,20251223,20251211,7,4,3,0.2081,0.9149,0.7784,"율무밥, 연포탕, 실곤약야채무침., 삼치카레튀김, 깍두기, 배, 우유급식","밤밥, 도토리묵국, 목살갈비, 얼갈이된장무침, 김치무침, 귤, 우유급식"
금천초등학교,20251222,20251211,7,4,3,0.262,0.763,0.7104,"찰흑미밥, 아욱감자된장국, 진미채미나리무침, 한입 안심돈가스, 배추김치, 포항 해맞이빵, 우유급식","밤밥, 도토리묵국, 목살갈비, 얼갈이된장무침, 김치무침, 귤, 우유급식"
남당초등학교,20251212,20251206,7,2,5,0.4966,0.8329,1.1911,"친환경흑미밥, 대합미역국, 꽁치깻잎조림, 미트볼떡볶음, 배추김치, 우유, 바나나","깍두기, 남당양념류+김치류"
남당초등학교,20251219,20251206,7,2,5,0.4085,0.8351,1.1141,"찰보리밥, 멸치어묵국, 더덕생채, 임연수카레구이, 배추김치, 사과, 우유","깍두기, 남당양념류+김치류"
남당초등학교,20251215,20251206,7,2,5,0.3513,0.8602,1.0854,"율무밥, 뜨덕이만두국, 닭봉조림, 미역초무침, 단감, 우유, 배추김치","깍두기, 남당양념류+김치류"
남당초등학교,20251217,20251206,7,2,5,0.3896,0.7794,1.0473,"주먹밥, 미소시루, 라볶이, 김말이, 배추김치, 우유, 친농우리매실쥬스","깍두기, 남당양념류+김치류"
남당초등학교,20251202,20251206,6,2,4,0.4565,0.7771,0.9927,"찹쌀현미밥, 들깨미역국, 무두부조림, 고구마닭갈비, 우유, 사과, 배추김치","깍두기, 남당양념류+김치류"
남성초등학교,20251215,20251203,7,4,3,0.2834,0.9469,0.8528,"보리밥, 우거지감자탕, 새송이굴소스볶음, 고등어구이, 깍두기, 딸기, 우유","카레라이스, 들깨무채국, 닭다리튀김, 깍두기, 딸기, 우유"
남성초등학교,20251204,20251203,7,4,3,0.2561,0.9632,0.8452,"귀리밥, 냉이된장찌개, 물미역고추장무침, 목살양념구이, 배추김치, 귤, 우유","카레라이스, 들깨무채국, 닭다리튀김, 깍두기, 딸기, 우유"
남성초등학교,20251208,20251203,7,4,3,0.311,0.9071,0.8443,"기장밥, 참치김치찌개, 세발나물무침, 크림함박스테이크, 배추김치, 귤, 우유","카레라이스, 들깨무채국, 닭다리튀김, 깍두기, 딸기, 우유"
남성초등학교,20251218,20251203,7,4,3,0.2803,0.9142,0.828,"기장밥, 아귀매운탕, 시금치고추장무침, 치즈돈가스/소스, 배추김치, 사과, 우유","카레라이스, 들깨무채국, 닭다리튀김, 깍두기, 딸기, 우유"
남성초등학교,20251211,20251203,7,4,3,0.2264,0.864,0.7558,"오색미밥, 시금치된장국, 연두부찜/양념장, 장어강정, 총각김치, 팥앙금증편, 우유","카레라이스, 들깨무채국, 닭다리튀김, 깍두기, 딸기, 우유"
남신초등학교,20251222,20251229,8,4,4,0.2147,0.9785,0.9602,"귀리밥, 한우탕국, 한돈간장불고기, 김구이1, 봄동겉절이, 찐양배추, 앙버터떡, 우유","기장밥, 건새우아욱국, 안동찜닭, 진미채볶음, 토마토꿀절임, 배추겉절이, 우유"
남신초등학교,20251222,20251205,8,5,3,0.2771,0.9491,0.8499,"귀리밥, 한우탕국, 한돈간장불고기, 김구이1, 봄동겉절이, 찐양배추, 앙버터떡, 우유","쌀밥, 국수장국, 돌김자반, 배추김치, 모짜렐라치즈볼, 사과, 사과잼쿠키, 발효유"
남신초등학교,20251217,20251229,7,4,3,0.2119,0.9528,0.8073,"찰보리밥, 청국장찌개, 콩나물시금치무침, 안심순살치킨, 배추김치, 딸기, 우유","기장밥, 건새우아욱국, 안동찜닭, 진미채볶음, 토마토꿀절임, 배추겉절이, 우유"
남신초등학교,20251201,20251229,7,4,3,0.2294,0.9077,0.7882,"흑미밥, 순두부짬뽕탕, 찹쌀김부각, 한돈수육/초고추장, 배추김치, 어린잎겉절이, 야쿠르트, 우유","기장밥, 건새우아욱국, 안동찜닭, 진미채볶음, 토마토꿀절임, 배추겉절이, 우유"
남신초등학교,20251203,20251229,8,4,4,0.2094,0.7668,0.7856,"차조밥, 냉이국, 돼지갈비바베큐, 숙주무채장아찌무침, 배추김치, 마시맬로크로와상, 오이토마토샐러드, 우유","기장밥, 건새우아욱국, 안동찜닭, 진미채볶음, 토마토꿀절임, 배추겉절이, 우유"
남이초등학교,20251230,20251224,7,4,3,0.2526,0.7967,0.7273,"무농약보리밥, 오징어무국, 양배추쌈, 애호박감자양념무침, 간장불고기, 배추김치, 샤인머스캣","콩나물밥/양념장, 닭봉양념조림, 봄동겉절이1, 머스캣코코, 감자양파찌개"
남이초등학교,20251217,20251229,6,4,2,0.353,0.9204,0.6995,"삼선짜장밥, 호박고추장찌개, 탕수육+소스, 배추김치, 자몽에이드, 단무지1","친환경 발아현미밥, 황기닭곰탕, 깻잎찜, 칠리새우, 깍두기, 골드키위"
남이초등학교,20251230,20251218,7,5,2,0.2836,0.96,0.6831,"무농약보리밥, 오징어무국, 양배추쌈, 애호박감자양념무침, 간장불고기, 배추김치, 샤인머스캣","수수밥1, 황태채팽이버섯국, 계란찜, 제육감자조림, 배추김치, 바나나"
남이초등학교,20251230,20251209,7,5,2,0.2931,0.9363,0.6753,"무농약보리밥, 오징어무국, 양배추쌈, 애호박감자양념무침, 간장불고기, 배추김치, 샤인머스캣","현미찹쌀밥1, 메추리알장조림, 삼치카레구이, 알타리김치, 골드파인애플, 돈육김치찌개"
남이초등학교,20251230,20251204,7,4,3,0.1978,0.7446,0.6533,"무농약보리밥, 오징어무국, 양배추쌈, 애호박감자양념무침, 간장불고기, 배추김치, 샤인머스캣","무농약현미밥, 어묵국, 건파래볶음, 돼지고기두루치기, 알타리김치, 바나나"
남일초등학교,20251219,20251212,7,5,2,0.2561,0.9993,0.6896,"토마토커리라이스, 콩나물근대장국, 흑임자탕수육, 배추김치, 오이피클, 우유, 귤","흑미밥/친환경, 들깨미역국, 진미채양념볶음, 치킨찹쌀탕수/망고소스, 배추김치, 우유"
남일초등학교,20251204,20251208,7,5,2,0.1784,0.88,0.5814,"흑미밥/친환경, 부대찌개, 메추리알장조림, 양배추사과흑임자샐러드, 배추김치, 우유, 21곡물바","오곡밥/친환경, 참치미역국, 날치알계란찜, 비엔나소세지케찹볶음, 총각김치, 우유, 귤"
남일초등학교,20251202,20251212,7,5,2,0.234,0.8179,0.5778,"서리태조각콩밥/친환경, 냉이콩나물국, 생선깐풍강정, 유기농김구이, 총각김치, 우유, 친환경배, 양념부재료류","흑미밥/친환경, 들깨미역국, 진미채양념볶음, 치킨찹쌀탕수/망고소스, 배추김치, 우유"
남일초등학교,20251202,20251208,7,5,2,0.2061,0.785,0.5444,"서리태조각콩밥/친환경, 냉이콩나물국, 생선깐풍강정, 유기농김구이, 총각김치, 우유, 친환경배, 양념부재료류","오곡밥/친환경, 참치미역국, 날치알계란찜, 비엔나소세지케찹볶음, 총각김치, 우유, 귤"
남일초등학교,20251215,20251203,7,5,2,0.2623,0.7006,0.5289,"차수수밥/친환경, 달래청국장찌개, 홍시떡볶이, 임연수카레구이, 배추김치, 씨없는 적포도, 우유","짜장덮밥, 맑은무채국, 비빔만두, 찹쌀치즈스틱, 슬림반달단무지, 우유, 귤"
남천초등학교,20251205,20251215,8,5,3,0.1994,0.8283,0.7124,"붉은조각팥밥, 아욱올갱이국, 양배추쌈, 콩나물파절이, 고추장삼겹살양념구이, 깍두기, 저당야쿠르트, 우유","조각서리태밥, 버섯찌개, 매콤곤약국수1, 자장떡볶이, 배추김치, 친환경단감, 우유"
남천초등학교,20251205,20251203,8,6,2,0.3455,0.9003,0.6843,"붉은조각팥밥, 아욱올갱이국, 양배추쌈, 콩나물파절이, 고추장삼겹살양념구이, 깍두기, 저당야쿠르트, 우유","베트남쌀국수, 스틱단무지, 스프링롤, 양파초절임, 라이스바나나, 우유"
남천초등학교,20251205,20251231,8,6,2,0.245,0.9839,0.675,"붉은조각팥밥, 아욱올갱이국, 양배추쌈, 콩나물파절이, 고추장삼겹살양념구이, 깍두기, 저당야쿠르트, 우유","김치볶음밥, 스파게티1, 쇠고기스프, 랍스터테일, 후르츠칵테일, 우유"
남천초등학교,20251212,20251215,7,5,2,0.207,0.9516,0.6364,"찹쌀밥, 꼬리곰탕, 미나리오징어무침, 찹쌀도라지강정1, 깍두기, 감말랭이, 우유","조각서리태밥, 버섯찌개, 매콤곤약국수1, 자장떡볶이, 배추김치, 친환경단감, 우유"
남천초등학교,20251205,20251229,8,6,2,0.2325,0.9181,0.632,"붉은조각팥밥, 아욱올갱이국, 양배추쌈, 콩나물파절이, 고추장삼겹살양념구이, 깍두기, 저당야쿠르트, 우유","차조밥1, 쇠고기미역국1, 멘보샤/깐풍칠리소스, 치킨맛삼치, 오이깍두기1, 바나나1, 우유"
남평초등학교,20251205,20251203,8,6,2,0.2603,0.9253,0.6513,"곤드레버섯밥., 흰죽, 누룽지, 브로콜리오징어숙회, 배추김치, 달래양념장, 우유, 단호박고로케","흰죽, 칙필레미니버거, 베트남식쌀국수, 배추김치, 과일쥬스, 우유"
남평초등학교,20251215,20251210,8,6,2,0.2474,0.9198,0.6411,"친환경기장밥, 흰죽, 냉이콩나물된장국, 삼겹살수육, 양배추쌈/두부쌈장, 꿀호떡, 보쌈김치, 우유","치킨마요덮밥2, 흰죽, 김치두부국, 회오리감자, 깍두기, 샤인머스캣쥬스, 우유"
남평초등학교,20251208,20251210,8,6,2,0.2766,0.869,0.6293,"친환경보리밥, 흰죽, 쇠고기청국장, 무생채, 캠핑모듬구이2, 배추김치, 친환경사과, 우유","치킨마요덮밥2, 흰죽, 김치두부국, 회오리감자, 깍두기, 샤인머스캣쥬스, 우유"
남평초등학교,20251218,20251216,8,6,2,0.207,0.9286,0.6238,"친환경기장밥, 흰죽, 애호박건새우볶음, 연어데리야끼구이, 깍두기, 우유, 샤인머스캣, 닭곰탕","친환경수수밥, 흰죽, 부대찌개2, 오이무쌈무침, 고등어카레구이, 백김치, 친환경 배, 우유"
남평초등학교,20251223,20251210,8,6,2,0.2866,0.7592,0.5745,"친환경흑미밥, 흰죽, 온도토리묵국, 치폴레오리바비큐, 콩나물무침, 알타리김치, 바나나, 우유","치킨마요덮밥2, 흰죽, 김치두부국, 회오리감자, 깍두기, 샤인머스캣쥬스, 우유"
낭성초등학교,20251224,20251231,8,5,3,0.2233,0.9518,0.8145,"친환경찹쌀밥, 꽃게된장찌개, 돼지고기채소볶음, 유기농구운김, 배추김치, 쌈장, 산타케이크, 우유","친환경검정콩밥, 감자등뼈탕., 닭봉굴소스조림, 참나물무침, 깍두기, 우유, 귤"
낭성초등학교,20251224,20251211,8,5,3,0.1614,0.8581,0.7067,"친환경찹쌀밥, 꽃게된장찌개, 돼지고기채소볶음, 유기농구운김, 배추김치, 쌈장, 산타케이크, 우유","친환경기장밥, 청포묵국, 애호박버섯볶음, 낙지볶음, 배추김치, 우유, 친환경배"
낭성초등학교,20251224,20251226,8,6,2,0.3681,0.8921,0.6922,"친환경찹쌀밥, 꽃게된장찌개, 돼지고기채소볶음, 유기농구운김, 배추김치, 쌈장, 산타케이크, 우유","쉬림프투움바파스타, 샐러드/오리엔탈소스, 4색야채피클, 감자튀김, 랍스터치즈구이, 깍두기, 우유"
낭성초등학교,20251215,20251231,7,5,2,0.2568,0.9315,0.6527,"고구마밥, 콩나물무국, 청경채무침, 사과소스바베큐폭립, 알타리김치, 우유, 황금향","친환경검정콩밥, 감자등뼈탕., 닭봉굴소스조림, 참나물무침, 깍두기, 우유, 귤"
낭성초등학교,20251224,20251222,8,5,3,0.1352,0.7932,0.6436,"친환경찹쌀밥, 꽃게된장찌개, 돼지고기채소볶음, 유기농구운김, 배추김치, 쌈장, 산타케이크, 우유","친환경찹쌀밥, 순살동태찌개., 감자조림, 비엔나채소볶음, 백김치, 딸기찹쌀떡, 우유"
내북초등학교,20251204,20251217,8,5,3,0.2809,0.958,0.8587,"검정콩밥, 올갱이부추국, 마늘종고추장무침, 크런치통살새우커틀릿, 배추김치, 배추김치, 껍질째 먹는 아삭 사과, 우유","오리훈제볶음밥, 시금치유부국, 왕새우튀김, 배추김치, 딸기, 우유"
내북초등학교,20251204,20251216,8,5,3,0.2597,0.7794,0.7203,"검정콩밥, 올갱이부추국, 마늘종고추장무침, 크런치통살새우커틀릿, 배추김치, 배추김치, 껍질째 먹는 아삭 사과, 우유","보리밥, 마라탕면2, 연근조림, 참나물무침, 백김치, 황금향, 우유"
내북초등학교,20251205,20251203,7,5,2,0.2434,0.9487,0.6549,"현미찹쌀밥, 고추장스파게티, 대구맑은국, 꼬들꼬들오이지무침, 오이깍두기, 우유, 샤인머스캣","짜장면, 가리비양념무침, 만두튀김, 알타리김치, 아임리얼, 우유"
내북초등학교,20251204,20251210,8,5,3,0.2039,0.738,0.6529,"검정콩밥, 올갱이부추국, 마늘종고추장무침, 크런치통살새우커틀릿, 배추김치, 배추김치, 껍질째 먹는 아삭 사과, 우유","무밥, 맑은콩나물국, 닭강정, 배추겉절이2, 퓨레뜨, 우유"
내북초등학교,20251205,20251210,7,5,2,0.2038,0.9627,0.6408,"현미찹쌀밥, 고추장스파게티, 대구맑은국, 꼬들꼬들오이지무침, 오이깍두기, 우유, 샤인머스캣","무밥, 맑은콩나물국, 닭강정, 배추겉절이2, 퓨레뜨, 우유"
내수초등학교,20251204,20251201,9,5,4,0.1652,0.8628,0.8272,"친환경현미찹쌀밥, 어묵무국, 돼지갈비떡조림, 세발나물무침, 새송이오이볶음, 깍두기, 우유, 비타민 젤리, 바나나","친환경혼합잡곡밥, 황태채미역국, 오이진미채무침, 오븐목살구이, 보쌈김치, 우유, 골드파인애플"
내수초등학교,20251204,20251211,9,6,3,0.1756,0.992,0.8093,"친환경현미찹쌀밥, 어묵무국, 돼지갈비떡조림, 세발나물무침, 새송이오이볶음, 깍두기, 우유, 비타민 젤리, 바나나","클로렐라쌀밥, 감자수제비국, 비엔나야채볶음, 닭봉고추장양념구이, 배추김치, 우유, 물미역/초고추장, 귤"
내수초등학교,20251218,20251201,9,5,4,0.1679,0.7698,0.7545,"친환경보리밥, 청국장찌개, 상추무생채, 건파래볶음, 숯불향연어스테이크, 배추김치, 우유, 키짱요구르트, 블랙쿠키마카롱","친환경혼합잡곡밥, 황태채미역국, 오이진미채무침, 오븐목살구이, 보쌈김치, 우유, 골드파인애플"
내수초등학교,20251204,20251226,9,5,4,0.2283,0.6658,0.7195,"친환경현미찹쌀밥, 어묵무국, 돼지갈비떡조림, 세발나물무침, 새송이오이볶음, 깍두기, 우유, 비타민 젤리, 바나나","친환경쌀밥/김구이, 잔치국수, 콤비네이션피자, 배추김치무침, 우유, 요구르트"
내수초등학교,20251218,20251226,9,5,4,0.2381,0.6328,0.7008,"친환경보리밥, 청국장찌개, 상추무생채, 건파래볶음, 숯불향연어스테이크, 배추김치, 우유, 키짱요구르트, 블랙쿠키마카롱","친환경쌀밥/김구이, 잔치국수, 콤비네이션피자, 배추김치무침, 우유, 요구르트"
내토초등학교,20251216,20251231,7,4,3,0.3783,0.926,0.9041,"친환경차수수밥, 청국장찌개, 고기떡말이조림, 청경채파인소스무침, 알타리김치, 우유, 배","자장밥, 짬뽕국, 단무지, 모짜렐라붕어빵, 우유, 사과즙"
내토초등학교,20251215,20251231,7,4,3,0.348,0.905,0.8685,"친환경현미찹쌀밥, 쇠고기무국, 비엔나케첩조림, 더덕무침, 배추김치, 사과, 우유","자장밥, 짬뽕국, 단무지, 모짜렐라붕어빵, 우유, 사과즙"
내토초등학교,20251201,20251231,7,4,3,0.3307,0.8356,0.8084,"친환경차수수밥, 한방갈비탕, 숙주김무침, 로제떡볶이, 깍두기, 사과, 우유","자장밥, 짬뽕국, 단무지, 모짜렐라붕어빵, 우유, 사과즙"
내토초등학교,20251208,20251231,7,4,3,0.3783,0.7523,0.7837,"친환경보리밥, 대합미역국, 쇠고기불고기, 애호박구이무침, 배추김치, 우유, 배","자장밥, 짬뽕국, 단무지, 모짜렐라붕어빵, 우유, 사과즙"
내토초등학교,20251204,20251231,6,4,2,0.3571,0.895,0.6878,"친환경현미찹쌀밥, 햄모듬찌개, 시금치나물, 목살김치볶음, 백김치1, 골드키위, 우유","자장밥, 짬뽕국, 단무지, 모짜렐라붕어빵, 우유, 사과즙"
노은초등학교,20251212,20251206,6,0,6,0.5159,0.9247,1.4016,"친환경차조밥, 닭곰탕, 상추부추겉절이, 오징어김치전, 깍두기, 우유, 배",양념류**
노은초등학교,20251204,20251206,6,0,6,0.5269,0.8928,1.3814,"친환경찰보리밥, 바지락시금치된장국, 숙주미나리무침, 오리주물럭, 가지튀김, 배추김치, 우유, 바나나",양념류**
노은초등학교,20251201,20251206,7,0,7,0.4896,0.7546,1.2936,"친환경현미찹쌀밥, 북어미역국, 두부조림, 무생채, 버섯소불고기, 배추김치, 우유, 에그타르트",양념류**
노은초등학교,20251224,20251206,8,0,8,0.43,0.689,1.2293,"무농약홍국쌀밥, 옥수수스프, 치즈돈까스*소스, 배추김치, 우유, 마늘빵, 크리스마스케이크, 양상추샐러드*파인드레싱",양념류**
노은초등학교,20251210,20251206,6,0,6,0.4848,0.6741,1.1275,"토마토스파게티, 양송이스프, 수제치킨또띠아, 배추김치, 우유, 오이피클, 자두주스",양념류**
단양초등학교,20251224,20251229,8,5,3,0.3069,0.8516,0.803,"차조밥, 미트소스스파게티, 브로콜리크림스프, 양상치샐러드, 블랙타이거 새우, 배추김치, 우유, 케이크","기장밥, 등뼈감자탕, 도토리묵무침, 야채달걀말이, 배추김치, 우유, 조각파인애플"
단양초등학교,20251224,20251222,8,5,3,0.2737,0.7318,0.6969,"차조밥, 미트소스스파게티, 브로콜리크림스프, 양상치샐러드, 블랙타이거 새우, 배추김치, 우유, 케이크","현미찹쌀밥, 우리쌀찐빵, 조랭이떡국, 메추리알장조림, 눈꽃치즈닭갈비, 깍두기, 우유"
단양초등학교,20251216,20251229,8,5,3,0.2214,0.7811,0.6949,"혼합잡곡밥, 조개살시금치된장국, 유기농건파래볶음, 오이지무침, 제육볶음, 배추김치, 우유, 단양사과","기장밥, 등뼈감자탕, 도토리묵무침, 야채달걀말이, 배추김치, 우유, 조각파인애플"
단양초등학교,20251218,20251229,7,5,2,0.253,0.9767,0.6755,"깐녹두밥, 돼지고기김치찌개, 삼색나물/약고추장, 달걀동그랑땡전, 총각김치, 딸기, 우유","기장밥, 등뼈감자탕, 도토리묵무침, 야채달걀말이, 배추김치, 우유, 조각파인애플"
단양초등학교,20251201,20251229,7,5,2,0.2259,0.9882,0.6669,"깐녹두밥, 육개장, 베이컨감자볶음, 온두부/김치볶음, 백김치, 우유, 단양사과","기장밥, 등뼈감자탕, 도토리묵무침, 야채달걀말이, 배추김치, 우유, 조각파인애플"
단월초등학교,20251208,20251226,7,4,3,0.4077,0.6687,0.7461,"친환경차수수밥, 전주식콩나물국, 참나물생절이, 꽃떡갈비, 깍두기, 귤, 우유/보리차","밥버거, 파송송달걀국, 떡볶이, 김말이튀김, 깍두기, 과일샐러드, 우유/보리차"
단월초등학교,20251210,20251226,7,4,3,0.4085,0.6483,0.7325,"해산물빠에야, 감바스&마늘빵, 꿀대구구이, 모둠야채피클, 샹그리아, 하몽멜론, 우유/보리차","밥버거, 파송송달걀국, 떡볶이, 김말이튀김, 깍두기, 과일샐러드, 우유/보리차"
단월초등학교,20251222,20251226,7,4,3,0.337,0.6781,0.7036,"친환경흑미밥, 청국장찌개, 감자채피망볶음, 제육볶음, 총각김치, 딸기찹쌀떡, 우유/보리차","밥버거, 파송송달걀국, 떡볶이, 김말이튀김, 깍두기, 과일샐러드, 우유/보리차"
단월초등학교,20251211,20251226,7,4,3,0.3245,0.6779,0.6948,"친환경흑미밥, 김치수제비국, 미역줄기볶음, 고구마치즈돈가스/소스, 총각김치, 우유/보리차, 방울토마토카프레제","밥버거, 파송송달걀국, 떡볶이, 김말이튀김, 깍두기, 과일샐러드, 우유/보리차"
단월초등학교,20251205,20251226,7,4,3,0.2019,0.7817,0.6817,"나물비빔밥/고추장, 우렁된장찌개, 치즈몽땅핫도그/케첩, 매실양념무말랭이, 김치, 딸기, 우유/보리차","밥버거, 파송송달걀국, 떡볶이, 김말이튀김, 깍두기, 과일샐러드, 우유/보리차"
단재초등학교,20251203,20251206,7,0,7,0.7746,0.8185,1.6563,"율무밥, 사골꽃떡국, 미트볼푸실리볶음, 취나물두부무침, 총각김치, 우유, 1귤",구매양념
단재초등학교,20251218,20251206,6,0,6,0.8362,0.808,1.5997,"찹쌀밥1, 1어묵무국, 연어스테이크, 양배추오리엔탈샐러드, 오렌지1, 배추김치, 우유",구매양념
단재초등학교,20251217,20251206,7,0,7,0.776,0.7622,1.5993,"혼합10곡밥, 동태찌개, 애호박느타리볶음, 콰삭순살치킨, 배추김치, 우유, 친환경사과",구매양념
단재초등학교,20251208,20251206,6,0,6,0.8138,0.8279,1.5973,"찰옥수수밥, 김치도토리묵국, 버팔로봉, 깍두기, 우유, 방울토마토",구매양념
단재초등학교,20251209,20251206,7,0,7,0.8033,0.727,1.5912,"현미찹쌀밥, 1쇠고기미역국, 돼지갈비찜, 콩나물무침, 배추김치, 우유, 포도",구매양념
단천초등학교,20251216,20251224,8,5,3,0.254,0.9872,0.8604,"찰옥수수밥, 황태감자국, 아롱사태수육, 콩나물대파채무침, 배추김치, 우유, 오렌지, 배즙","낙지덮밥, 들깨무채국, 랍스터테일오븐구이, 배추김치, 야쿠르트, 우유, 딸기"
단천초등학교,20251216,20251211,8,5,3,0.1863,0.8307,0.7049,"찰옥수수밥, 황태감자국, 아롱사태수육, 콩나물대파채무침, 배추김치, 우유, 오렌지, 배즙","깐녹두밥, 등뼈감자탕, 근대된장무침, 진미채마요볶음, 배추김치, 흑미찐빵, 우유"
단천초등학교,20251212,20251224,7,5,2,0.2937,0.966,0.692,"쌀밥, 청국장찌개, 닭볶음탕, 콩알새송이애호박볶음, 배추김치, 요구르트, 우유","낙지덮밥, 들깨무채국, 랍스터테일오븐구이, 배추김치, 야쿠르트, 우유, 딸기"
단천초등학교,20251216,20251205,8,6,2,0.2415,0.9397,0.6488,"찰옥수수밥, 황태감자국, 아롱사태수육, 콩나물대파채무침, 배추김치, 우유, 오렌지, 배즙","쌀밥, 꽃게탕, 춘장닭갈비, 구운김, 배추김치, 귤, 우유"
단천초등학교,20251223,20251224,7,5,2,0.2233,0.9434,0.6409,"차조밥, 갑오징어무국, 물미역/초고추장, 당면불고기, 배추김치, 한라봉, 우유","낙지덮밥, 들깨무채국, 랍스터테일오븐구이, 배추김치, 야쿠르트, 우유, 딸기"
달천초등학교,20251201,20251202,7,4,3,0.1486,0.942,0.7559,"혼합잡곡밥*, 등뼈감자탕*, 유채나물, 사각어묵볶음*, 찹쌀김부각*, 배추김치, 파인애플 생과","발아현미밥*, 열무된장국, 뮤즐리멸치볶음*, 하트햄구이&케첩, 야채달걀말이_*, 깍두기, 골드키위*"
달천초등학교,20251211,20251202,7,4,3,0.167,0.8241,0.6869,"율무밥*, 황태국*, 취나물들깨무침*, 고추장돈육불고기*, 콘버터구이*, 배추김치, 청포도","발아현미밥*, 열무된장국, 뮤즐리멸치볶음*, 하트햄구이&케첩, 야채달걀말이_*, 깍두기, 골드키위*"
달천초등학교,20251226,20251202,7,4,3,0.2065,0.7725,0.6786,"곤드레밥*, 연포탕*, 치커리사과무침*, 분모자찜닭*, 배추김치, 오렌지, 마늘쫑양념간장","발아현미밥*, 열무된장국, 뮤즐리멸치볶음*, 하트햄구이&케첩, 야채달걀말이_*, 깍두기, 골드키위*"
달천초등학교,20251211,20251230,7,5,2,0.1831,0.9703,0.6336,"율무밥*, 황태국*, 취나물들깨무침*, 고추장돈육불고기*, 콘버터구이*, 배추김치, 청포도","돼지국밥&양념**, 귀리밥*, 메추리알조림*, 주꾸미숙회/초장*, 깍두기, 크림슨포도"
달천초등학교,20251231,20251202,7,4,3,0.1496,0.7392,0.6161,"야채볶음밥*, 가쓰오장국*, 미니김말이15*, 국물쫄볶이*, 청경채무침*, 배추김치, 황금향*","발아현미밥*, 열무된장국, 뮤즐리멸치볶음*, 하트햄구이&케첩, 야채달걀말이_*, 깍두기, 골드키위*"
대가초등학교,20251224,20251205,7,5,2,0.4308,0.9316,0.7484,"피클, 토마토미트스파게티, 치킨*치폴레마요소스, 김치., 크리스마스케이크, 백색우유, 크림스프","흑미밥, 황태콩나물수제비국, 연근땅콩조림, 더덕불고기, 배추김치, 망고스틴"
대가초등학교,20251219,20251222,7,5,2,0.2824,0.9739,0.6901,"옥수수밥, 감자바지락된장찌개, 청포묵숙주무침, 제육볶음, 야채계란말이, 배추김치, 요구르트","기장밥, 콩비지찌개, 느타리버섯무침, 춘천닭갈비, 깍두기, 백색우유, 수리취떡"
대가초등학교,20251226,20251217,7,4,3,0.4014,0.5935,0.6896,"단양차조밥, 단양마늘갈비탕, 오이사과무침., 들기름두부구이, 볶은김치, 백색우유, 귤","김밥볶음밥, 무어묵국, 떡볶이/꼬마김말이., 김치., 백색우유, 사과주스"
대가초등학교,20251219,20251229,7,5,2,0.2478,0.9759,0.6722,"옥수수밥, 감자바지락된장찌개, 청포묵숙주무침, 제육볶음, 야채계란말이, 배추김치, 요구르트","기장밥, 감자계란국, LA갈비찜, 사각어묵볶음, 김치., 조각롤케익, 백색우유"
대가초등학교,20251226,20251229,7,5,2,0.3859,0.7647,0.632,"단양차조밥, 단양마늘갈비탕, 오이사과무침., 들기름두부구이, 볶은김치, 백색우유, 귤","기장밥, 감자계란국, LA갈비찜, 사각어묵볶음, 김치., 조각롤케익, 백색우유"
대강초등학교,20251208,20251224,8,5,3,0.3274,0.9279,0.8701,"친환경차조밥, 연포탕J, 돼지갈비바베큐조림j, 시금치나물 j, 탕평채, 배추김치, 귤, 우유, 결명자차","한우쌀국수, 로스트그릴숯불통닭다리, 총각김치, 딸기, 루돌프케익, 우유, 옥수수차"
대강초등학교,20251202,20251224,8,5,3,0.3341,0.8852,0.8452,"친환경혼합잡곡밥, 돼지등뼈감자탕, 우엉조림j, 브로콜리/초장, 배추김치, 보리차, 귤, 우유","한우쌀국수, 로스트그릴숯불통닭다리, 총각김치, 딸기, 루돌프케익, 우유, 옥수수차"
대강초등학교,20251204,20251224,8,5,3,0.2422,0.9343,0.8155,"찹쌀밥, 무항생제닭곰탕j, 청경채된장무침J, 코코넛순살코다리강정, 총각김치, 보리차, 골드파인애플, 우유","한우쌀국수, 로스트그릴숯불통닭다리, 총각김치, 딸기, 루돌프케익, 우유, 옥수수차"
대강초등학교,20251208,20251226,8,5,3,0.276,0.8866,0.8058,"친환경차조밥, 연포탕J, 돼지갈비바베큐조림j, 시금치나물 j, 탕평채, 배추김치, 귤, 우유, 결명자차","새우볶음밥, 팽이유부국, 소갈비찜, 총각김치, 한라봉, 옥수수차, 가공유"
대강초등학교,20251216,20251224,8,5,3,0.2261,0.9171,0.7924,"친환경흑미밥, 해물짬뽕국, 훈제삼겹&쌈,배추, 새콤달콤시금치고추장무침, 배추김치, 슈팅스타마카롱, 보리차, 우유","한우쌀국수, 로스트그릴숯불통닭다리, 총각김치, 딸기, 루돌프케익, 우유, 옥수수차"
대길초등학교,20251215,20251205,7,5,2,0.241,0.9811,0.6713,"잡곡밥, 하루나무침, 돈육자장불고기, 총각김치, 붕어빵, 우유, 부대찌개","녹두밥, 순대국, 방풍나물무침, 칠리돈육폭찹, 깍두기, 한국야쿠르트, 우유"
대길초등학교,20251204,20251205,7,5,2,0.2418,0.9498,0.6545,"발아현미밥, 미트볼스파게티, 대구수제비매운탕, 동파육, 총각김치, 샤인머스캣, 우유","녹두밥, 순대국, 방풍나물무침, 칠리돈육폭찹, 깍두기, 한국야쿠르트, 우유"
대길초등학교,20251222,20251216,7,5,2,0.2992,0.8606,0.6371,"율무밥, 팥죽, 추어탕, 시금치고추장무침, 둥근새우까스, 배추김치, 우유","감자밥, 봄동냉이된장국, 달걀치즈말이, 도토리떡갈비, 오이김치, 크림슨포도, 우유"
대길초등학교,20251230,20251205,7,5,2,0.2334,0.8892,0.6166,"홍미밥, 방울어묵칠리볶음, 돈육불고기, 배추김치, 파인애플, 우유, 콩비지백탕","녹두밥, 순대국, 방풍나물무침, 칠리돈육폭찹, 깍두기, 한국야쿠르트, 우유"
대길초등학교,20251203,20251219,7,5,2,0.2378,0.8404,0.5923,"꽁보리밥, 재첩국, 숯불바베큐닭볶음, 배추김치, 요구얌, 우유, 양념류","녹미밥, 들깨유부무채국, 돼지목살김치찜, 달래무생채, 오이김치, 사과, 우유"
대미초등학교,20251219,20251213,7,0,7,0.5587,0.9182,1.5356,"친환경기장밥, 순대수육국밥, 깻잎찜, 국산홍게그라탕, 깍두기, 우유급식요쿠르트, 샤인머스켓",양념1
대미초등학교,20251217,20251213,8,0,8,0.5712,0.5496,1.2312,"계란김볶음밥, 어묵무국, 저염꼬들단무지무침, 매콤오븐밀떡볶이, 크런치순살치킨, 배추김치, 우유급식요쿠르트, 플럼쥬스",양념1
대미초등학교,20251219,20251206,7,2,5,0.4962,0.8267,1.1852,"친환경기장밥, 순대수육국밥, 깻잎찜, 국산홍게그라탕, 깍두기, 우유급식요쿠르트, 샤인머스켓","배추김치, 깍두기"
대미초등학교,20251212,20251213,8,0,8,0.5895,0.3979,1.0847,"친환경쌀밥, 수제마늘빵, 토마토피치소스샐러드, 오이무침, 소보로등심돈까스, 배추김치, 우유급식요쿠르트, 쇠고기스프",양념1
대미초등학교,20251208,20251213,7,0,7,0.5758,0.464,1.0811,"친환경보리밥, 시금치된장국, 치커리사과무침, 한돈불고기, 배추김치, 강화우유, 제주천혜향",양념1
대소초등학교,20251226,20251216,8,4,4,0.209,0.8584,0.859,"현미찹쌀밥, 맑은달걀국, 반달무쌈, 콩나물무침, 불향주꾸미볶음, 배추김치, 한입파인애플, 우유","칼슘기장밥, 모시조개콩나물국, 감자채볶음, 묵은지김치찜, 열무김치, 참다래, 우유"
대소초등학교,20251217,20251216,7,4,3,0.232,0.9735,0.8355,"흰밥, 잔치국수, 부추무침, 치즈돈가츠/참깨소스, 배추김치, 딸기, 우유","칼슘기장밥, 모시조개콩나물국, 감자채볶음, 묵은지김치찜, 열무김치, 참다래, 우유"
대소초등학교,20251226,20251211,8,5,3,0.1941,0.942,0.7874,"현미찹쌀밥, 맑은달걀국, 반달무쌈, 콩나물무침, 불향주꾸미볶음, 배추김치, 한입파인애플, 우유","혼합잡곡밥, 전복미역국, 해물콩나물찜, 두부구이/양념간장, 배추김치, 우유"
대소초등학교,20251230,20251216,7,4,3,0.2699,0.8553,0.7799,"보리밥, 핑크퐁어묵국, 로제떡볶이, 깻잎육전, 백김치, 딸기, 우유","칼슘기장밥, 모시조개콩나물국, 감자채볶음, 묵은지김치찜, 열무김치, 참다래, 우유"
대소초등학교,20251219,20251216,7,4,3,0.1699,0.9202,0.7556,"찰흑미밥, 바지락근댓국, 셀프채소쌈, 돼지불고기, 멸치고추장볶음, 배추김치, 포도, 우유","칼슘기장밥, 모시조개콩나물국, 감자채볶음, 묵은지김치찜, 열무김치, 참다래, 우유"
덕벌초등학교,20251203,20251204,9,6,3,0.2156,0.7653,0.68,"후리카김가루밥, 미소장국, 양상추블루베리샐러드, 가자미까스, 배추김치, 하루견과, 샐러드상추-자율배식, 강화우유, 우리밀붕어빵","친환경쌀보리밥, 올갱이아욱국, 브로콜리들깨무침, 치즈불닭, 배추김치, 요거트초코볼, 발효유, 오이스틱-자율배식"
덕벌초등학교,20251203,20251201,9,6,3,0.1926,0.4269,0.4294,"후리카김가루밥, 미소장국, 양상추블루베리샐러드, 가자미까스, 배추김치, 하루견과, 샐러드상추-자율배식, 강화우유, 우리밀붕어빵","현미친환경쌀밥, 쇠고기미역국, LA돼지갈비구이, 숙주맛살초무침, 배추김치, 두바이딥초코케익, 유럽상추-자율배식, 강화우유"
덕벌초등학교,20251205,20251201,7,6,1,0.2729,0.7835,0.3661,"보리현미국수, 꼬들꼬들오이지무침, 허니소이순살치킨, 배추김치, 저지방우유, 친환경쌀밥, 귤, 아이스크림","현미친환경쌀밥, 쇠고기미역국, LA돼지갈비구이, 숙주맛살초무침, 배추김치, 두바이딥초코케익, 유럽상추-자율배식, 강화우유"
덕벌초등학교,20251203,20251202,9,7,2,0.2251,0.4143,0.3512,"후리카김가루밥, 미소장국, 양상추블루베리샐러드, 가자미까스, 배추김치, 하루견과, 샐러드상추-자율배식, 강화우유, 우리밀붕어빵","기장친환경쌀밥, 오징어무국, 콩나물부추무침, 치킨플로레티, 배추김치, 오미맛고추-자율배식, 친환경사과, 강화우유, 유기농청원쌀과자"
덕벌초등학교,20251205,20251204,7,6,1,0.242,0.7378,0.3396,"보리현미국수, 꼬들꼬들오이지무침, 허니소이순살치킨, 배추김치, 저지방우유, 친환경쌀밥, 귤, 아이스크림","친환경쌀보리밥, 올갱이아욱국, 브로콜리들깨무침, 치즈불닭, 배추김치, 요거트초코볼, 발효유, 오이스틱-자율배식"
덕성초등학교,20251201,20251218,9,5,4,0.5218,0.8421,1.0975,"쌀밥, 굴미역국, 돼지갈비엿장조림, 모닝글로리볶음, 치즈에그타르트, 배추김치, 야채11, 우유, 딸기청","빠에야, 소파 데 아호, 포요아사도, 수제오이피클, 야채7, 산딸기프로마쥬케이크, 유산균발효유"
덕성초등학교,20251209,20251218,8,5,3,0.4639,0.9294,0.9658,"잡곡밥, 고사리오리들깨탕, 느타리버섯숙회, 수제 가자미크런치 까스, 배추김치, 꼬마 츄러스, 야채16, 우유","빠에야, 소파 데 아호, 포요아사도, 수제오이피클, 야채7, 산딸기프로마쥬케이크, 유산균발효유"
덕성초등학교,20251208,20251218,8,5,3,0.4938,0.7924,0.8915,"발아현미밥, 콩나물국, 돈민찌계란장조림, 어묵샐러드, 배추김치, 구슬톡톡아이스크림, 야채15, 우유","빠에야, 소파 데 아호, 포요아사도, 수제오이피클, 야채7, 산딸기프로마쥬케이크, 유산균발효유"
덕성초등학교,20251222,20251218,8,5,3,0.5141,0.7364,0.8668,"보리밥, 단팥죽, 청국장찌개, 돈육고추장불고기, 호박오가리나물, 보쌈김치, 야채8, 딸기, 우유","빠에야, 소파 데 아호, 포요아사도, 수제오이피클, 야채7, 산딸기프로마쥬케이크, 유산균발효유"
덕성초등학교,20251230,20251218,9,5,4,0.431,0.6445,0.8654,"쌀밥, 쌀밥, 자장면, 마라상궈, 배추김치, 치자단무지, 야채14, 앙팡요구르트, 우유","빠에야, 소파 데 아호, 포요아사도, 수제오이피클, 야채7, 산딸기프로마쥬케이크, 유산균발효유"
덕신초등학교,20251230,20251202,8,5,3,0.1033,0.9143,0.7053,"칼슘강화찰밥, 냉이애배추된장국, 양파초절임, 세발나물무침, 어니언떡갈비, 깍두기, 우유, 골드파인애플","칼슘강화찰밥, 브리게살크림스파게티, 애배추된장국, 한글치킨가스, 열무김치, 우유, 골드파인애플"
덕신초등학교,20251203,20251202,7,5,2,0.2547,0.9815,0.679,"마크니커리, 칼슘강화찰밥, 키위샐러드, 탄두리닭봉구이, 꼬마난, 유자주스, 우유","칼슘강화찰밥, 브리게살크림스파게티, 애배추된장국, 한글치킨가스, 열무김치, 우유, 골드파인애플"
덕신초등학교,20251223,20251205,8,6,2,0.2822,0.9134,0.6568,"기장밥, 부대찌개, 청경채된장나물, 구이김, 임연수카레구이, 섞박지, 우유, 사과","차조밥, 한방갈비탕, 시금치나물, 주꾸미볶음, 깍두기, 유산균요구르트, 우유"
덕신초등학교,20251230,20251209,8,6,2,0.2587,0.9021,0.6376,"칼슘강화찰밥, 냉이애배추된장국, 양파초절임, 세발나물무침, 어니언떡갈비, 깍두기, 우유, 골드파인애플","보리밥, 참치김치찌개, 유채나물, 치즈함박스테이크, 열무김치, 우유, 충주탄금향"
덕신초등학교,20251217,20251202,7,5,2,0.1465,0.9728,0.6149,"칼슘강화찰밥, 마라탕, 모듬채소겉절이, 배추김치, 찹쌀꿔바로우, 우유, 친환경배","칼슘강화찰밥, 브리게살크림스파게티, 애배추된장국, 한글치킨가스, 열무김치, 우유, 골드파인애플"
도안초등학교,20251231,20251217,9,6,3,0.2323,0.902,0.7862,"참치마요꼬마김밥, 크루통감자스프, 배추김치, 야채피클, 강화우유, 딸기, 딸기바나나라떼, 옥수수차수염차, 블랙새우햄버거","비빔밥, 유부장국, 볶음고추장, 배추김치, 수박주스, 연유먼치킨, 강화우유, 양념간장, 결명자차"
도안초등학교,20251210,20251203,9,6,3,0.2067,0.87,0.7463,"잡채밥, 친환경계란실파국, 오이짱아지무침, 자장소스, 새우튀김꼬치, 배추김치, 강화우유, 뽀로로사과요쿠르트, 옥수수차수염차","탄탄면, 새콤달콤단무지, 알타리무김치, 블루베리요거트, 강화우유, 메이플피칸파이, 보리차"
도안초등학교,20251210,20251217,9,6,3,0.1619,0.8774,0.7204,"잡채밥, 친환경계란실파국, 오이짱아지무침, 자장소스, 새우튀김꼬치, 배추김치, 강화우유, 뽀로로사과요쿠르트, 옥수수차수염차","비빔밥, 유부장국, 볶음고추장, 배추김치, 수박주스, 연유먼치킨, 강화우유, 양념간장, 결명자차"
도안초등학교,20251231,20251216,9,7,2,0.2609,0.9494,0.6648,"참치마요꼬마김밥, 크루통감자스프, 배추김치, 야채피클, 강화우유, 딸기, 딸기바나나라떼, 옥수수차수염차, 블랙새우햄버거","강황쌀밥, 냉이콩나물국, 동파육, 오이달래무침, 배추김치, 강화우유, 스테비아방울토마토, 결명자차"
도안초등학교,20251231,20251203,9,6,3,0.3082,0.6397,0.657,"참치마요꼬마김밥, 크루통감자스프, 배추김치, 야채피클, 강화우유, 딸기, 딸기바나나라떼, 옥수수차수염차, 블랙새우햄버거","탄탄면, 새콤달콤단무지, 알타리무김치, 블루베리요거트, 강화우유, 메이플피칸파이, 보리차"
동광초등학교,20251230,20251219,7,2,5,0.4342,0.8932,1.1892,"친환경쌀보리밥, 봄동팽이된장국, 깻잎찜, 버섯소불고기, 깍두기, 귤, 우유","배추김치, 깍두기, 양념류1"
동광초등학교,20251222,20251219,8,2,6,0.4839,0.5242,0.9809,"친환경기장밥, 쇠고기미역국, 돼지갈비조랑떡조림, 숙주들깨무침, 배추김치, 우리쌀산타케이크, 제주한라봉착즙쥬스, 우유","배추김치, 깍두기, 양념류1"
동광초등학교,20251224,20251219,6,2,4,0.4545,0.7283,0.9518,"자장덮밥, 새우달걀탕, 치즈블랙타이거새우, 깍두기, 스위트캐플쥬스, 하트단무지, 우유","배추김치, 깍두기, 양념류1"
동광초등학교,20251223,20251219,5,2,3,0.3673,0.8888,0.8706,"친환경찰현미밥, 냉이된장국, 오리훈제/무쌈, 부추생채, 배추김치, 딸기, 우유","배추김치, 깍두기, 양념류1"
동광초등학교,20251231,20251219,5,2,3,0.4379,0.7854,0.8479,"돈까스/후리가케볶음밥, 옥수수크림스프, 오징어채마요네즈무침, 배추김치, 삼색과일1, 우유","배추김치, 깍두기, 양념류1"
